{
  "name": "YunliRTC",
  "version": "1.0.0",
  "manifest_version": 3,
  "description": "YunliRTC",
  "action": {
    "default_title": "YunliRTC"
  },
  "icons": {
    "16": "icon.png"
  },
  "content_scripts": [
    {
      "matches": ["http://*/*", "https://*/*"],
      "js": ["jquery-2.1.4.min.js", "yunli.js"]
    }
  ],
  "background": {
    "service_worker": "background.js",
    "type": "module"
  },
  "permissions": ["activeTab", "tabCapture", "tabs", "notifications", "tabs", "contextMenus", "unlimitedStorage"],
  "optional_host_permissions": ["http://*/*", "https://*/*"]
}
